score,total,percentile,reference_population,players_with_lower_score,feedback_message
0,42,0.0,853,0,You performed better than 0.0% of players.
1,42,0.0,853,0,You performed better than 0.0% of players.
2,42,0.0,853,0,You performed better than 0.0% of players.
3,42,0.1,853,1,You performed better than 0.0% of players.
4,42,0.4,853,3,You performed better than 0.0% of players.
5,42,0.4,853,3,You performed better than 0.0% of players.
6,42,0.7,853,6,You performed better than 1.0% of players.
7,42,1.1,853,9,You performed better than 1.0% of players.
8,42,1.1,853,9,You performed better than 1.0% of players.
9,42,1.4,853,12,You performed better than 1.0% of players.
10,42,1.6,853,14,You performed better than 2.0% of players.
11,42,2.2,853,19,You performed better than 2.0% of players.
12,42,2.2,853,19,You performed better than 2.0% of players.
13,42,2.9,853,25,You performed better than 3.0% of players.
14,42,3.8,853,32,You performed better than 4.0% of players.
15,42,4.1,853,35,You performed better than 4.0% of players.
16,42,4.8,853,41,You performed better than 5.0% of players.
17,42,5.6,853,48,You performed better than 6.0% of players.
18,42,7.0,853,60,You performed better than 7.0% of players.
19,42,9.0,853,77,You performed better than 9.0% of players.
20,42,11.8,853,101,You performed better than 12.0% of players.
21,42,14.7,853,125,You performed better than 15.0% of players.
22,42,17.6,853,150,You performed better than 18.0% of players.
23,42,21.5,853,183,You performed better than 22.0% of players.
24,42,27.0,853,230,You performed better than 27.0% of players.
25,42,31.8,853,271,You performed better than 32.0% of players.
26,42,36.2,853,309,You performed better than 36.0% of players.
27,42,41.4,853,353,You performed better than 41.0% of players.
28,42,46.5,853,397,You performed better than 47.0% of players.
29,42,53.0,853,452,You performed better than 53.0% of players.
30,42,59.4,853,507,You performed better than 59.0% of players.
31,42,65.5,853,559,You performed better than 66.0% of players.
32,42,71.4,853,609,You performed better than 71.0% of players.
33,42,77.3,853,659,You performed better than 77.0% of players.
34,42,82.3,853,702,You performed better than 82.0% of players.
35,42,87.2,853,744,You performed better than 87.0% of players.
36,42,91.2,853,778,You performed better than 91.0% of players.
37,42,93.4,853,797,You performed better than 93.0% of players.
38,42,95.9,853,818,You performed better than 96.0% of players.
39,42,97.3,853,830,You performed better than 97.0% of players.
40,42,98.8,853,843,You performed better than 99.0% of players.
41,42,99.4,853,848,You performed better than 99.0% of players.
42,42,99.5,853,849,You performed better than 100.0% of players.